27583_283,"Entertainment,,,,"
27583_3067,"Entertainment,,,,"
27583_3070,"Entertainment,,,,"
27583_3530,"Entertainment,,,,"
27583_3595,"Entertainment,,,,"
27583_3711,"Entertainment,,,,"
27583_3599,"Entertainment,,,,"
27583_1275,"Entertainment,,,,"
27583_10041,"Entertainment,,,,"
27583_1049,"Entertainment,,,,"
27583_2034,"Entertainment,,,,"
27583_2044,"Entertainment,,,,"
27583_2085,"Entertainment,,,,"
27583_2116,"Entertainment,,,,"
27583_2123,"Entertainment,,,,"
27583_2147,"Entertainment,,,,"
27583_2162,"Entertainment,,,,"
27583_2555,"Entertainment,,,,"
27583_2559,"Entertainment,,,,"
27583_2565,"Entertainment,,,,"
27583_4362,"Entertainment,,,,"
27583_4681,"Entertainment,,,,"
27583_5763,"Entertainment,,,,"
27583_4686,"Entertainment,,,,"
27583_6620,"Entertainment,,,,"
27583_6274,"Entertainment,,,,"
27583_5665,"Entertainment,,,,"
27583_5670,"Entertainment,,,,"
27583_5683,"Entertainment,,,,"
27583_5687,"Entertainment,,,,"
27583_9261,"Entertainment,,,,"
27583_18121,"Entertainment,,,,"
27583_15561,"Entertainment,,,,"
27583_16921,"Entertainment,,,,"
27583_2854,"Entertainment,Horoscope,,,"
27583_2855,"Entertainment,Horoscope,,,"
27583_2100,"Entertainment,movies,RingTone,,"
27583_2038,"Entertainment,Music,,,"
27583_2105,"Entertainment,Music,RingTone,,"
27583_502,"Entertainment,Music,RingTone,,"
27583_503,"Entertainment,Music,RingTone,,"
27583_2130,"Entertainment,Music,Wallpaper,,"
27583_1157,"Entertainment,RingTone,,,"
27583_2067,"Entertainment,RingTone,,,"
27583_2107,"Entertainment,RingTone,,,"
27583_2121,"Entertainment,RingTone,,,"
27583_2557,"Entertainment,RingTone,,,"
27583_2099,"Entertainment,RingTone,80's,,"
27583_5682,"Entertainment,RingTone,Latin,Tone,"
27583_5688,"Entertainment,RingTone,Latin,Tone,"
27583_487,"Entertainment,RingTone,Movies,,"
27583_2135,"Entertainment,RingTone,Movies,,"
27583_2070,"Entertainment,tone,,,"
27583_468,"Entertainment,TV,Video,,"
27583_2847,"Entertainment,wallPaper,,,"
27583_2846,"Entertainment,WallPaper,,,"
27583_4023,"Entertainment,WallPaper,,,"
27583_3588,"Entertainment,WallPaper,,,"
27583_3626,"Entertainment,WallPaper,,,"
27583_2131,"Entertainment,WallPaper,,,"
27583_2134,"Entertainment,WallPaper,,,"
27583_2161,"Entertainment,WallPaper,,,"
27583_2493,"Entertainment,WallPaper,,,"
27583_2128,"Entertainment,WallPaper,,,"
27583_11521,"Entertainment,WallPaper,,,"
27583_2137,"Entertainment,WallPaper,christmas,,"
27583_3714,"Entertainment,WallPaper,Pic,,"
27583_2016,"Entertainment,WallPaper,Pic,,"
27583_2083,"Entertainment,WallPaper,Pic,,"
27583_2152,"Entertainment,WallPaper,Pic,,"
27583_5685,"Entertainment,WallPaper,Pic,,"
27583_2095,"Entertainment,WallPaper,Pic,,"
27583_10481,"Entertainment,WallPaper,Pic,,"
27583_2701,"Game,,,,"
27583_2821,"Game,,,,"
27583_2832,"Game,,,,"
27583_2704,"Game,,,,"
27583_284,"Game,,,,"
27583_3149,"Game,,,,"
27583_3161,"Game,,,,"
27583_4136,"Game,,,,"
27583_4146,"Game,,,,"
27583_4175,"Game,,,,"
27583_3337,"Game,,,,"
27583_350,"Game,,,,"
27583_3572,"Game,,,,"
27583_298,"Game,,,,"
27583_3061,"Game,,,,"
27583_3066,"Game,,,,"
27583_3072,"Game,,,,"
27583_3090,"Game,,,,"
27583_3120,"Game,,,,"
27583_3147,"Game,,,,"
27583_3159,"Game,,,,"
27583_316,"Game,,,,"
27583_3162,"Game,,,,"
27583_3172,"Game,,,,"
27583_4018,"Game,,,,"
27583_4027,"Game,,,,"
27583_4051,"Game,,,,"
27583_406,"Game,,,,"
27583_4065,"Game,,,,"
27583_4066,"Game,,,,"
27583_4080,"Game,,,,"
27583_4088,"Game,,,,"
27583_4135,"Game,,,,"
27583_4158,"Game,,,,"
27583_4168,"Game,,,,"
27583_417,"Game,,,,"
27583_4171,"Game,,,,"
27583_4174,"Game,,,,"
27583_4185,"Game,,,,"
27583_4207,"Game,,,,"
27583_4249,"Game,,,,"
27583_4275,"Game,,,,"
27583_3223,"Game,,,,"
27583_3232,"Game,,,,"
27583_3238,"Game,,,,"
27583_33,"Game,,,,"
27583_338,"Game,,,,"
27583_355,"Game,,,,"
27583_356,"Game,,,,"
27583_359,"Game,,,,"
27583_3605,"Game,,,,"
27583_365,"Game,,,,"
27583_3654,"Game,,,,"
27583_375,"Game,,,,"
27583_373,"Game,,,,"
27583_11841,"Game,,,,"
27583_1311,"Game,,,,"
27583_1389,"Game,,,,"
27583_1391,"Game,,,,"
27583_1422,"Game,,,,"
27583_1521,"Game,,,,"
27583_3889,"Game,,,,"
27583_3940,"Game,,,,"
27583_10001,"Game,,,,"
27583_10162,"Game,,,,"
27583_10341,"Game,,,,"
27583_10521,"Game,,,,"
27583_1083,"Game,,,,"
27583_11441,"Game,,,,"
27583_11541,"Game,,,,"
27583_11581,"Game,,,,"
27583_1185,"Game,,,,"
27583_11861,"Game,,,,"
27583_11961,"Game,,,,"
27583_1277,"Game,,,,"
27583_13081,"Game,,,,"
27583_1309,"Game,,,,"
27583_1315,"Game,,,,"
27583_1324,"Game,,,,"
27583_1383,"Game,,,,"
27583_1390,"Game,,,,"
27583_1404,"Game,,,,"
27583_1406,"Game,,,,"
27583_15,"Game,,,,"
27583_1510,"Game,,,,"
27583_1511,"Game,,,,"
27583_1519,"Game,,,,"
27583_1523,"Game,,,,"
27583_1526,"Game,,,,"
27583_1531,"Game,,,,"
27583_1535,"Game,,,,"
27583_1546,"Game,,,,"
27583_1547,"Game,,,,"
27583_1838,"Game,,,,"
27583_169,"Game,,,,"
27583_19,"Game,,,,"
27583_218,"Game,,,,"
27583_4807,"Game,,,,"
27583_4820,"Game,,,,"
27583_4894,"Game,,,,"
27583_21,"Game,,,,"
27583_216,"Game,,,,"
27583_222,"Game,,,,"
27583_229,"Game,,,,"
27583_236,"Game,,,,"
27583_239,"Game,,,,"
27583_241,"Game,,,,"
27583_242,"Game,,,,"
27583_4838,"Game,,,,"
27583_4841,"Game,,,,"
27583_4944,"Game,,,,"
27583_4947,"Game,,,,"
27583_5190,"Game,,,,"
27583_4313,"Game,,,,"
27583_4478,"Game,,,,"
27583_4489,"Game,,,,"
27583_5029,"Game,,,,"
27583_5042,"Game,,,,"
27583_5244,"Game,,,,"
27583_5252,"Game,,,,"
27583_527,"Game,,,,"
27583_5300,"Game,,,,"
27583_5320,"Game,,,,"
27583_5324,"Game,,,,"
27583_5353,"Game,,,,"
27583_5122,"Game,,,,"
27583_5124,"Game,,,,"
27583_5221,"Game,,,,"
27583_5238,"Game,,,,"
27583_4310,"Game,,,,"
27583_4333,"Game,,,,"
27583_4338,"Game,,,,"
27583_4363,"Game,,,,"
27583_4365,"Game,,,,"
27583_4398,"Game,,,,"
27583_4407,"Game,,,,"
27583_4421,"Game,,,,"
27583_4439,"Game,,,,"
27583_4443,"Game,,,,"
27583_4448,"Game,,,,"
27583_4472,"Game,,,,"
27583_4476,"Game,,,,"
27583_4503,"Game,,,,"
27583_4770,"Game,,,,"
27583_5771,"Game,,,,"
27583_5787,"Game,,,,"
27583_5798,"Game,,,,"
27583_6634,"Game,,,,"
27583_6772,"Game,,,,"
27583_6799,"Game,,,,"
27583_6853,"Game,,,,"
27583_6867,"Game,,,,"
27583_7288,"Game,,,,"
27583_4543,"Game,,,,"
27583_4546,"Game,,,,"
27583_4682,"Game,,,,"
27583_4784,"Game,,,,"
27583_4788,"Game,,,,"
27583_5759,"Game,,,,"
27583_5784,"Game,,,,"
27583_5790,"Game,,,,"
27583_58,"Game,,,,"
27583_5823,"Game,,,,"
27583_5826,"Game,,,,"
27583_590,"Game,,,,"
27583_6747,"Game,,,,"
27583_6760,"Game,,,,"
27583_6785,"Game,,,,"
27583_6800,"Game,,,,"
27583_6804,"Game,,,,"
27583_6811,"Game,,,,"
27583_6816,"Game,,,,"
27583_6836,"Game,,,,"
27583_6852,"Game,,,,"
27583_6861,"Game,,,,"
27583_6869,"Game,,,,"
27583_6883,"Game,,,,"
27583_6952,"Game,,,,"
27583_6954,"Game,,,,"
27583_6957,"Game,,,,"
27583_6962,"Game,,,,"
27583_6964,"Game,,,,"
27583_6969,"Game,,,,"
27583_6970,"Game,,,,"
27583_7275,"Game,,,,"
27583_7297,"Game,,,,"
27583_7268,"Game,,,,"
27583_5390,"Game,,,,"
27583_5407,"Game,,,,"
27583_5434,"Game,,,,"
27583_5498,"Game,,,,"
27583_5512,"Game,,,,"
27583_7521,"Game,,,,"
27583_7721,"Game,,,,"
27583_7901,"Game,,,,"
27583_8041,"Game,,,,"
27583_815,"Game,,,,"
27583_819,"Game,,,,"
27583_8341,"Game,,,,"
27583_6993,"Game,,,,"
27583_7211,"Game,,,,"
27583_7224,"Game,,,,"
27583_7235,"Game,,,,"
27583_613,"Game,,,,"
27583_614,"Game,,,,"
27583_6224,"Game,,,,"
27583_6226,"Game,,,,"
27583_6229,"Game,,,,"
27583_6230,"Game,,,,"
27583_628,"Game,,,,"
27583_5406,"Game,,,,"
27583_5467,"Game,,,,"
27583_5469,"Game,,,,"
27583_5478,"Game,,,,"
27583_5588,"Game,,,,"
27583_5701,"Game,,,,"
27583_5705,"Game,,,,"
27583_9621,"Game,,,,"
27583_17401,"Game,,,,"
27583_16101,"Game,,,,"
27583_8661,"Game,,,,"
27583_8801,"Game,,,,"
27583_5693,"Game,,,,"
27583_5733,"Game,,,,"
27583_10781,"Game,,,,"
27583_17481,"Game,,,,"
27583_14701,"Game,,,,"
27583_15921,"Game,,,,"
27583_880,"Game,,,,"
27583_8981,"Game,,,,"
27583_945,"Game,,,,"
27583_969,"Game,,,,"
27583_13641,"Game,,,,"
27583_911,"Game,,,,"
27583_9241,"Game,,,,"
27583_931,"Game,,,,"
27583_9601,"Game,,,,"
27583_970,"Game,,,,"
27583_9781,"Game,,,,"
27583_992,"Game,,,,"
27583_13261,"Game,,,,"
27583_17521,"Game,,,,"
27583_17961,"Game,,,,"
27583_17541,"Game,,,,"
27583_15261,"Game,,,,"
27583_3794,"Game,,,,"
27583_17621,"Game,,,,"
27583_18561,"Game,,,,"
27583_18181,"Game,,,,"
27583_18721,"Game,,,,"
27583_18521,"Game,,,,"
27583_18961,"Game,,,,"
27583_17161,"Game,,,,"
27583_19321,"Game,,,,"
27583_17101,"Game,,,,"
27583_15081,"Game,,,,"
27583_18021,"Game,,,,"
27583_19241,"Game,,,,"
27583_19221,"Game,,,,"
27583_12881,"Game,Action,Adventure,,"
27583_4132,"Game,Action,Adventure,Arcade ,"
27583_4046,"Game,Action,Adventure,Arcade ,"
27583_4048,"Game,Action,Adventure,Arcade ,"
27583_4056,"Game,Action,Adventure,Arcade ,"
27583_10801,"Game,Action,Adventure,Arcade ,"
27583_10501,"Game,Action,Adventure,Arcade ,"
27583_6822,"Game,Action,Adventure,Arcade ,Shooter"
27583_4964,"Game,Action,Adventure,Crime,"
27583_5044,"Game,Action,Adventure,crime,"
27583_15581,"Game,Action,Adventure,Crime,"
27583_4176,"Game,Action,Adventure,Crime,Movies"
27583_15041,"Game,Action,Adventure,Crime,Shooter"
27583_8881,"Game,Action,Adventure,Crime,Shooter"
27583_5404,"Game,Action,Adventure,Fantasy,"
27583_13721,"Game,Action,Adventure,fight,"
27583_4172,"Game,action,Adventure,Puzzle,"
27583_4094,"Game,Action,Adventure,Racing,"
27583_14321,"Game,Action,Adventure,Racing,"
27583_12181,"Game,Action,Adventure,Racing,"
27583_18861,"Game,Action,Adventure,Racing,"
27583_2827,"Game,Action,Adventure,Shooter,"
27583_4070,"Game,Action,Adventure,Shooter,"
27583_4035,"Game,Action,Adventure,Shooter,"
27583_4064,"Game,Action,Adventure,Shooter,"
27583_4068,"Game,Action,Adventure,Shooter,"
27583_1543,"Game,Action,Adventure,Shooter,"
27583_4862,"Game,Action,Adventure,Shooter,"
27583_6818,"Game,Action,Adventure,Shooter,"
27583_6875,"Game,Action,Adventure,Shooter,"
27583_6325,"Game,Action,Adventure,Shooter,"
27583_13181,"Game,Action,Adventure,Shooter,"
27583_4532,"Game,Action,Adventure,Sim,"
27583_7105,"Game,Action,Adventure,Sim,"
27583_337,"Game,Action,Adventure,Strategy,"
27583_5574,"Game,Action,Adventure,Strategy,"
27583_17141,"Game,Action,Adventure,Strategy,"
27583_4125,"Game,Action,Adventure,Strategy,Fantasy"
27583_4780,"Game,Action,Adventure,Strategy,Fantasy"
27583_5585,"Game,Action,Adventure,Strategy,Fantasy"
27583_16501,"Game,Action,Adventure,Strategy,Fantasy"
27583_16661,"Game,Action,Adventure,Strategy,Fantasy"
27583_3886,"Game,Action,Adventure,Strategy,Movies"
27583_6782,"Game,Action,Adventure,TV,"
27583_4052,"Game,Action,Adventure,War,"
27583_13361,"Game,Action,Adventure,War,"
27583_4306,"Game,Action,Board,,"
27583_5490,"Game,Action,crime,Shooter,"
27583_1548,"Game,Action,fight,,"
27583_9741,"Game,Action,fight,,"
27583_10401,"Game,Action,Puzzle,,"
27583_11281,"Game,Action,Puzzle,,"
27583_1338,"Game,Action,Puzzle,,"
27583_7221,"Game,Action,Puzzle,,"
27583_15501,"Game,Action,Puzzle,,"
27583_11902,"Game,Action,Puzzle,,"
27583_13581,"Game,action,Puzzle,,"
27583_12001,"Game,Action,Puzzle,,Fantasy"
27583_302,"Game,Action,Racing,,"
27583_4169,"Game,Action,Racing,,"
27583_6761,"Game,Action,Racing,,"
27583_6823,"Game,Action,Racing,,"
27583_6765,"Game,Action,Racing,,"
27583_7226,"Game,Action,Racing,,"
27583_369,"Game,Action,Racing,Arcade ,"
27583_10981,"Game,Action,Racing,Arcade ,"
27583_1344,"Game,Action,Shooter,,"
27583_1365,"Game,Action,Shooter,,"
27583_10641,"Game,action,Shooter,,"
27583_5777,"Game,Action,Shooter,,"
27583_5807,"Game,Action,Shooter,,"
27583_5690,"Game,Action,Shooter,,"
27583_10522,"Game,Action,Sim,,"
27583_16601,"Game,Action,Strategy,War,"
27583_312,"Game,Action,TV,,"
27583_3135,"Game,Action,TV,,"
27583_3151,"Game,Action,TV,,"
27583_5753,"Game,Action,TV,,"
27583_7781,"Game,Action,TV,,"
27583_7821,"Game,Action,TV,,"
27583_12661,"Game,Adventure,,,"
27583_15821,"Game,Adventure,Shooter,,"
27583_4493,"Game,Adventure,Sim,,"
27583_5059,"Game,Adventure,Strategy,,"
27583_16841,"Game,Adventure,Strategy,,"
27583_7255,"Game,Arcade ,,,"
27583_4324,"Game,Arcade ,,,"
27583_7295,"Game,Arcade ,,,"
27583_7209,"Game,Arcade ,,,"
27583_7212,"Game,Arcade ,,,"
27583_7262,"Game,Arcade ,,,"
27583_7244,"Game,Arcade ,,,"
27583_4282,"Game,Arcade ,Puzzle,,"
27583_4420,"Game,Arcade ,Puzzle,,"
27583_7265,"Game,Arcade ,Shooter,,"
27583_6985,"Game,Casino,Card,BlackJack,"
27583_4118,"Game,Casino,Card,Poker,"
27583_4141,"Game,Casino,Card,Poker,"
27583_12061,"Game,Casino,Card,Poker,"
27583_1312,"Game,Casino,Card,Poker,"
27583_4428,"Game,Casino,Card,Poker,"
27583_6999,"Game,Casino,Card,Poker,"
27583_16041,"Game,Casino,Card,Poker,"
27583_4889,"Game,Dogs,,,"
27583_11881,"Game,Dogs,Sim,,"
27583_4874,"Game,Music,,,"
27583_16684,"Game,Music,,,"
27583_496,"Game,Music,RingTone,,"
27583_5148,"Game,Political ,Satire,,"
27583_289,"Game,Puzzle,,,"
27583_308,"Game,Puzzle,,,"
27583_4057,"Game,Puzzle,,,"
27583_4150,"Game,Puzzle,,,"
27583_10421,"Game,Puzzle,,,"
27583_11601,"Game,Puzzle,,,"
27583_12681,"Game,Puzzle,,,"
27583_173,"Game,Puzzle,,,"
27583_4397,"Game,Puzzle,,,"
27583_5341,"Game,Puzzle,,,"
27583_4758,"Game,Puzzle,,,"
27583_4754,"Game,Puzzle,,,"
27583_6820,"Game,Puzzle,,,"
27583_6324,"Game,Puzzle,,,"
27583_8821,"Game,Puzzle,,,"
27583_14561,"Game,Puzzle,,,"
27583_9881,"Game,Puzzle,,,"
27583_13741,"Game,Puzzle,,,"
27583_13761,"Game,Puzzle,,,"
27583_14161,"Game,Puzzle,,,"
27583_2197,"Game,Puzzle,action,,"
27583_10581,"Game,Puzzle,Arcade ,,"
27583_4558,"Game,Puzzle,Arcade ,,"
27583_9201,"Game,Puzzle,Arcade ,,"
27583_8062,"Game,Puzzle,TV,,"
27583_11421,"Game,Puzzle,Word,,"
27583_6328,"Game,Puzzle,Word,,"
27583_15641,"Game,Puzzle,word,,"
27583_282,"Game,Quiz,General Knowledge,,"
27583_4069,"Game,Quiz,General Knowledge,,"
27583_4144,"Game,Quiz,general Knowledge,,"
27583_1528,"Game,Quiz,General Knowledge,,"
27583_1539,"Game,Quiz,General Knowledge,,"
27583_4915,"Game,Quiz,General Knowledge,,"
27583_5048,"Game,Quiz,General Knowledge,,"
27583_7241,"Game,Quiz,General Knowledge,,"
27583_14021,"Game,Quiz,General Knowledge,,"
27583_13421,"Game,Quiz,General Knowledge,,"
27583_3166,"Game,Quiz,Sport,,"
27583_3202,"Game,Quiz,TV,,"
27583_3823,"Game,Quiz,Word,,"
27583_4038,"Game,Sim,,,"
27583_4167,"Game,Sim,,,"
27583_10361,"Game,Sim,,,"
27583_16061,"Game,Sim,,,"
27583_14061,"Game,Sim,,,"
27583_4067,"Game,Sport,,,"
27583_1084,"Game,Sport,,,"
27583_328,"Game,Sport,Action,BMX,"
27583_12381,"Game,Sport,Action,Golf,"
27583_16781,"Game,Sport,Action,Skateboarding,"
27583_5696,"Game,Sport,Arcade ,,"
27583_3631,"Game,Sport,Baseball,,"
27583_11061,"Game,Sport,baseball,,"
27583_6971,"Game,Sport,Baseball,,"
27583_5416,"Game,Sport,Basketball,,"
27583_5036,"Game,sport,Bowling ,,"
27583_6828,"Game,Sport,Bowling ,,"
27583_6233,"Game,Sport,Bowling ,,"
27583_6235,"Game,Sport,Bowling ,,"
27583_6240,"Game,Sport,Bowling ,,"
27583_6812,"Game,Sport,boxing,,"
27583_6776,"Game,Sport,boxing,,"
27583_10921,"Game,sport,football,soccer ,"
27583_4396,"Game,Sport,Football,soccer ,"
27583_7541,"Game,Sport,Golf,,"
27583_18061,"Game,sport,golf,,"
27583_288,"Game,Sport,motor,Racing,"
27583_299,"Game,Sport,motor,Racing,"
27583_327,"Game,Sport,motor,Racing,"
27583_6770,"Game,Sport,Movies,,"
27583_5280,"Game,Sport,NFL,,"
27583_4327,"Game,Sport,NFL,,"
27583_13801,"Game,sport,NFL,,"
27583_326,"Game,Sport,pool,,"
27583_4803,"Game,sport,pool,,"
27583_5025,"Game,Sport,Racing,,"
27583_5068,"Game,Sport,Racing,,"
27583_5428,"Game,Sport,Racing,,"
27583_6873,"Game,Strategy,,,"
27583_6990,"Game,Strategy,Chess,,"
27583_4892,"Game,TV,,,"
27583_533,"Health And Fitness,,,,"
27583_4019,"Health And Fitness,Cooking,,,"
27583_11921,"Health And Fitness,Cooking,,,"
27583_1728,"News,Info,,,"
27583_4137,"Sport,Info,,,"
27583_6746,"Travel,,,,"
27583_2675,"UTilities,,,,"
27583_4017,"Utilities,,,,"
27583_4233,"Utilities,,,,"
27583_4242,"Utilities,,,,"
27583_3325,"Utilities,,,,"
27583_3557,"Utilities,,,,"
27583_3097,"Utilities,,,,"
27583_3559,"Utilities,,,,"
27583_3594,"Utilities,,,,"
27583_3620,"Utilities,,,,"
27583_2018,"Utilities,,,,"
27583_2114,"Utilities,,,,"
27583_6922,"Utilities,,,,"
27583_6551,"Utilities,,,,"
27583_6557,"Utilities,,,,"
27583_6558,"Utilities,,,,"
27583_834,"Utilities,,,,"
27583_6528,"Utilities,,,,"
27583_6543,"Utilities,,,,"
27583_7164,"UTilities,,,,"
27583_6507,"Utilities,,,,"
27583_6517,"Utilities,,,,"
27583_6541,"Utilities,,,,"
27583_17021,"Utilities,,,,"
27583_14501,"Utilities,,,,"
27583_14861,"Utilities,,,,"
27583_6928,"Utilities,backup,,,"
27583_383,"Utilities,Chat,,,"
27583_5866,"Utilities,Email,,,"
27583_6563,"Utilities,Email,Info,,"
27583_2133,"Utilities,Movies,,,"
27583_3502,"Utilities,Video ,Info,,"
27583_1042,"Utilities,Weather,,,"
27583_1037,"Utilities,Weather,,,"
27583_3102,"Utilities,Weather,Info,,"
27583_3422,"Utilities,Weather,Info,,"
27583_1502,"Utilities,Weather,Info,,"
