Code,Name
27583_502,Música Real
27583_2130,Wallpaper Universe MRC
27583_2105,YouTones
27583_503,Univision Tonos
27583_10581,Bejeweled Twist
27583_16601,Call of Duty: Modern Warfare 2
27583_4558,Bejeweled
27583_496,GAC Country RingTones
27583_16041,WSOP: Texas Hold'em Legend
27583_8062,The Price Is Right
27583_7295,PAC-MAN by Namco
27583_2135,RingTone Universe 2
27583_2083,MyScreenz
27583_4754,Platinum Solitaire
27583_2121,FunTones
27583_4420,Tetris
27583_16684,Guitar Hero 5
27583_3102,MyCast 5 Weather
27583_15821,Deer Hunter 3D
27583_5059,The Oregon Trail
27583_4069,Family Feud
27583_3422,WeatherBug
27583_2107,MyTonz
27583_12881,Transformers ROTF
27583_2067,Christian Tones
27583_1502,TheWeatherChannel
27583_10921,Build-a-lot
27583_5048,Brain Challenge
27583_5341,Block Breaker Deluxe 2
27583_4064,Deer Hunter 3
27583_6563,RemoMail
27583_9881,Platinum Solitaire 2
27583_4874,Guitar Rock Tour
27583_11881,Doggie Dash
27583_5036,Midnight Bowling 2
27583_4052,Call of Duty: World at War
27583_4057,Zuma
27583_1528,Smarter Than A 5th Grader? 09
27583_7209,Ms. PAC-MAN by Namco
27583_11421,UNO
27583_13761,Bubble Bash 2
27583_4094,DiRT off road racing
27583_2100,FunTones Universe
27583_11601,Where's Waldo?
27583_10361,Date or Ditch
27583_4125,Age of Empires III
27583_7244,Super PAC-MAN by Namco
27583_4167,Diner Dash 2
27583_10421,Bubble Town
27583_14561,Looney Tunes Monster Match
27583_3502,Logitech Mobile Video
27583_13581,Jewel Quest Deluxe
27583_282,DealorNoDeal MDM
27583_2070,Ringster+
27583_4137,FOX Sports Mobile Pro
27583_2134,Flirt Pix
27583_13801,NFL 2010
27583_2137,Holiday Wallpaper
27583_16061,Diner Dash: Flo on the Go
27583_4282,Tetris Mania
27583_11521,Hotties in HD
27583_4862,Big Range Hunting 3D
27583_2152,America's Best Mobile Pix
27583_2161,TrueTones Universe
27583_12181,SONIC THE HEDGEHOG
27583_13721,99 Ninjas
27583_7255,PAC-MAN Arcade Golf by Namco
27583_4428,Downtown Texas Hold'em
27583_7241,Brain Exercise by Namco
27583_2493,JuiceCaster
27583_4324,Ms PAC_MAN
27583_18061,Mini Golf Wacky Worlds 3D
27583_5044,CSI: The Mobile Game
27583_2099,RetroTones
27583_1539,Millionaire 2009
27583_15641,WordSearch
27583_14021,DealorNoDeal ATW
27583_2131,Imagenes Calientes
27583_2557,ToneMaker
27583_6324,Chuzzle
27583_4144,Brain Genius 2
27583_2095,aPix
27583_6325,Peggle
27583_13741,CASH CAB
27583_6928,CellBackup
27583_4068,Asteroids
27583_10641,Platinum Sudoku 2
27583_13421,Millionaire  2009
27583_4758,Block Breaker Deluxe
27583_7212,PAC-MANIA (3D) by Namco
27583_7265,Galaga by Namco
27583_4803,Midnight Pool 2
27583_4915,1 vs 100
27583_1157,VR Plus
27583_2038,Song IDentity
27583_12661,Surviving High School NEW
27583_4780,Assassin's Creed
27583_16781,Tony Hawk VERT
27583_12381,Pro Golf  2010 World Tour
27583_5866,Vemail
27583_10522,The Sims 3
27583_10801,Lemmings Tribes
27583_2846,Pictavision
27583_4493,Game of LIFE
27583_15041,Cops
27583_289,Super Jewel Quest
27583_4306,MONOPOLY WORLD
27583_4532,SimCity Metropolis
27583_5280,NFL 2009
27583_173,Solitaire Deluxe 12-Pack
27583_487,FlixTones
27583_17141,AVATAR by Gameloft
27583_3714,All Mobile Wallpaper
27583_15581,Carmen Sandiego
27583_2128,HD Wallpaper
27583_4023,CrossPix by glu
27583_12061,Hard Rock Casino Collection
27583_468,MobiTV
27583_1312,Street Casino: King Maker
27583_4067,Super Slam Ping Pong! by glu
27583_4019,Get Cookin'
27583_13361,G.I. JOE
27583_11902,Ice Age: Dawn of the Dinosaurs
27583_10401,Luxor Quest
27583_3823,Wheel of Fortune Deluxe
27583_3588,Hooters Calendar
27583_7105,The Sims 2
27583_6328,Bookworm
27583_11281,Battleship Connect 4
27583_13181,Big Range Hunting 2
27583_14161,Sudoku Deluxe Green Edition
27583_4132,Super Breakout
27583_6873,Ultimate Chess 3D
27583_6820,Gum Blox
27583_4327,Madden NFL 09 by EA SPORTS
27583_14061,Dream Day Wedding 2
27583_8881,Resident Evil: Degeneration
27583_2855,MyHoroscope
27583_10501,Firefighters: City Rescue
27583_4118,World Series of Poker Hold'em
27583_6822,Paintball Challenge 2
27583_14321,NitroStreet Racing 2
27583_4038,Wedding Dash
27583_383,Express
27583_5490,American Gangster
27583_4889,Dogz 2
27583_3626,Mobile Graffiti
27583_4964,CSI : Miami
27583_4150,HOYLE 6-in-1 Solitaire Pro
27583_7262,Dig Dug by Namco
27583_11921,Cooking Mama
27583_1543,DEAD RISING
27583_2854,MyLovesigns
27583_4176,The Dark Knight
27583_8821,Solitaire Deluxe 16-Pack
27583_2847,MyWallpaper
27583_4172,Madagascar: Escape 2 Africa
27583_11061,Derek Jeter Pro Baseball 2009
27583_3149,Bubble Popper Deluxe
27583_13161,SPY HUNTER
27583_16141,Movie Trivia
27583_369,3D Fast and Furious Pink Slip
27583_4178,Solitaire Pop
27583_10981,3D Fast and Furious
27583_14701,FIGHT NIGHT Round 4
27583_7263,PAC-MAN Pinball by Namco
27583_14121,Super KO Boxing 2
27583_13661,MADDEN NFL 10 by EA SPORTS
27583_2080,Model Madness
27583_5252,Death Race : The Mobile Game
27583_4404,NEED FOR SPEED Undercover
27583_17381,PAC-MAN Championship Edition
27583_1155,Latin Music
27583_4408,SimCity
27583_10621,Virtual Villagers
27583_1042,AccuWeather.com Premium v3.0
27583_8041,Bugs Bunny: Rabbit Rescue
27583_4088,Transformers G1: Awakening
27583_1185,Collapse! Chaos
27583_5042,Brothers In Arms Art of War
27583_15921,Twilight: The Movie Game
27583_6843,Ultimate Mahjong: Mardi Gras
27583_5406,Shrek The Third
27583_7268,BurgerTime Delight by Namco
27583_10162,Monsters Vs. Aliens
27583_1523,Smarter Than A 5th Grader?
27583_2097,MyShow
27583_5271,Midnight Pool
27583_4051,Call of Duty 4: Modern Warfare
27583_9201,3D Brick Breaker Revolution
27583_275,Jenga Mobile
27583_3985,MapQuest Mobile
27583_13921,MAXIM MOBILE
27583_4832,Las Vegas Nights
27583_5478,Big Range Hunting
27583_2123,RetroTones
27583_9741,AMERICAN IDOL
27583_4838,Gangstar: Crime City
27583_4497,TETRIS Pop
27583_15601,Hip Hop All Star
27583_19121,Women's Murder Club
27583_356,DreamDayWedding
27583_3711,Hawaiian TroPic
27583_18761,The Oregon Trail: Gold Rush
27583_2085,Foto2MTV
27583_4513,MONOPOLY Here & Now
27583_7258,Ridge Racer 3D by Namco
27583_16101,GT Racing: Motor Academy
27583_7305,Worst-Case Scenario by Namco
27583_8661,The Simpsons Itchy & Scratchy
27583_6620,CrazeePix
27583_7247,Pool Pro Online II by Namco
27583_7521,SUPERMAN/BATMAN: HEROES UNITED
27583_9461,Zombie Infection
27583_4066,Ice Age: Mammoth Mayhem
27583_5687,BlingTones
27583_1501,The Weather Channel
27583_16221,NBA Pro Basketball 2010
27583_17961,Bubble Town 2
27583_4136,Centipede
27583_18721,Carnival Land! by Gameloft
27583_7228,pacman bowling
27583_1315,Go Fish!
27583_4020,Super KO Boxing!
27583_4957,Midnight Bowling 3D
27583_4242,CoolChat
27583_3595,CGL with Fight Tones
27583_11361,KENKEN(TM): Train Your Brain
27583_2044,Wallpaper Mart
27583_5665,BlingTones
27583_178,Speed Texting 2.0
27583_951,WPT Texas Hold 'Em 2
27583_13261,Harry Potter Half-Blood
27583_4365,MONOPOLY Tycoon
27583_16361,Jukata Music
27583_10261,Spring Break Fever
27583_1511,Millionaire: Pop Culture
27583_1514,Mega Man III
27583_1309,Gin Rummy
27583_6816,Dominos Locos
27583_7242,Time Crisis Mobile 3D by Namco
27583_1548,American Gladiators
27583_819,Dead Ringers
27583_15501,Addiction
27583_17861,Vancouver 2010
27583_3066,Black Jack/Video Poker Pro
27583_10001,WATCHMEN: The Mobile Game
27583_1519,RESIDENT EVIL: GENESIS
27583_5039,Midnight Bowling
27583_3828,JEOPARDY! Deluxe
27583_4143,Poppin' Panda
27583_10521,Cranium
27583_6272,Mobile Box Office
27583_7941,Metal Slug Mobile 4
27583_8341,Gangstar 2: Kings of LA
27583_9621,Chocolatier
27583_17021,CelleSync
27583_10341,Hell's Kitchen
27583_4770,Grey's Anatomy The Mobile Game
27583_4550,NASCAR 09 by EA SPORTS
27583_460,MobiTV2
27583_8281,Super Street Fighter II
27583_18861,Avalanche Snowboarding
27583_1517,Street Fighter II: Champion ED
27583_4446,RISK
27583_17521,HARVEST MOON FRANTIC FARMING
27583_3202,20Q: Celebrity Quiz
27583_4682,Fashion Mogul
27583_5862,Voice Genesis Vemail 2.0
27583_2555,WALLPAPER MAKER
27583_4687,Urban Chica
27583_7208,PAC-MAN Bowling by Namco
27583_11861,Night at the Museum 2
27583_1302,Match-it!
27583_1324,Mahjong Deluxe by Reaxion
27583_4944,Driver L.A. Undercover
27583_5148,Battle for the White House
27583_3147,Carnival Games 12-Pack
27583_7288,Scene It? Movie by Namco
27583_365,Wanted
27583_4472,Scrabble
27583_614,Drinktini 2.0
27583_4083,SPEED RACER
27583_4018,Guitar Tuner
27583_16501,Assassin's Creed II 3D
27583_6883,Gum Balls
27583_7283,Rolling with Katamari by Namco
27583_3151,24: Special Ops
27583_1354,Loteria
27583_2016,Beach Pix
27583_2133,aFlix
27583_4859,Midnight Pool 3D
27583_2034,National Geographic Wallpapers
27583_5317,Smash It!
27583_5682,Barrio Mobile Tones
27583_2849,Teleprints
27583_7721,CLUE
27583_10221,PAC-MAN Pinball DLX by Namco
27583_2015,The Daily Edition
27583_6782,Battlestar Galactica
27583_9101,Wolfenstein RPG
27583_3090,ESPN Outdoors Fishin' Forecast
27583_18021,Doom 2 RPG
27583_3135,American Pie: The Mobile Game
27583_4079,Shadowalker: Demon Hunter
27583_1526,Millionaire Music Edition
27583_5068,Asphalt 4 : Elite Racing
27583_7224,Scene It? TV Edition by Namco
27583_2842,TruPixx
27583_4169,ATV Offroad Fury
27583_2162,FunGirl Dish
27583_17621,The Wolfman by Namco
27583_3120,Diamond Islands
27583_815,DeadRingers
27583_7226,Alpine Racer 3D by Namco
27583_6274,Movie Pix & Tones
27583_16861,TextTwist 2
27583_8241,Trivial Pursuit
27583_350,Jewel Quest Solitaire
27583_9601,Chuck Norris Bring on the Pain
27583_7821,"2008 ""Shrek Fiesta"""
27583_371,Slingo Quest
27583_11581,STAR TREK
27583_4925,Catz
27583_6922,cellbackup
27583_6785,Capone Casino II
27583_2856,Webshots
27583_10841,Tom Clancy's H.A.W.X
27583_4426,NBA LIVE 08 by EA SPORTS
27583_5184,Pocket Chef
27583_7261,Popeye by Namco
27583_279,Super Mah Jong Quest
27583_5360,Prince of Persia
27583_4681,Hallmark Smiles + Styles
27583_5685,American Photo
27583_15361,SONIC THE HEDGEHOG 2
27583_3166,20Q: Sports Quiz
27583_4009,Vindigo City Guide
27583_3983,MovieGoer By Vindigo
27583_4478,FIFA 09 by EA SPORTS
27583_4774,New York Nights 2
27583_911,Guitar Hero
27583_19541,MONOPOLY
27583_3996,MovieGoer by Vindigo
27583_1154,VideoRola
27583_4506,SimCity Societies
27583_465,MobiRadio
27583_16821,SI: Swimsuit Challenge
27583_4476,ESPN Bassmasters
27583_6819,Ultimate Pinball 3D
27583_9901,Surviving High School
27583_9781,Chocolate Shop Frenzy
27583_3185,Shopping Madness
27583_4333,Fight Night Round 3 EA SPORTS
27583_13602,Medieval: Total War
27583_3325,PhotoCopter
27583_4537,TIGER WOODS 09 by EA SPORTS
27583_15,Frogger 25th: Evolution
27583_5133,Megacity Empire: New York
27583_4543,Collapse
27583_5683,BlingTones Music
27583_13561,Spider-Man Toxic City 3D
27583_291,Jewel Quest 2 3D
27583_4233,eBay
27583_3110,No-Limit Casino 12-Pack
27583_3162,Brain Tester 24-Pack
27583_4381,Tetris Blockout
27583_7275,galaga
27583_5419,NBA Smash!
27583_5399,NitroStreet Racing
27583_2116,Peanuts Wallpaper
27583_17481,Sherlock Holmes The Movie Game
27583_5207,Might And Magic 2
27583_4375,The Sims 2 Castaway
27583_777,inTouch
27583_5404,Beowulf
27583_17161,COLLAPSE!
27583_3559,MightyBackup
27583_168,Sudoku Deluxe
27583_4283,YAHTZEE
27583_18181,Earthworm Jim
27583_2857,MyFaith
27583_4314,Need for Speed ProStreet
27583_7281,pacman
27583_7541,3D Mini Golf 99 Holes
27583_15261,Zombieland
27583_375,Fast & Furious: Tokyo
27583_4391,Yahtzee Deluxe
27583_835,Rand McNally StreetFinder
27583_7203,Weathernews
27583_3210,Mini Golf 99 Holes
27583_3232,Brick Breaker Revolution
27583_1547,ESPN Poker Club
27583_4784,Ghost Recon Adv. Warfighter 2
27583_4788,Derek Jeter Pro Baseball 2008
27583_5416,AND1 Streetball
27583_89,Kodak Mobile Postcards
27583_2839,MyFuture
27583_297,King of Fighters Mobile
27583_4207,Cubis 2
27583_338,ER Rush
27583_11841,Night of the Museum 2
27583_9241,CSI: NY
27583_4154,White House Rumble
27583_326,3D Pool 2: Urban Hustle
27583_4530,SPORE
27583_7297,Dilbert Cubicle Chaos by Namco
27583_7206,mspacman
27583_16421,SPORE Creatures
27583_3093,Pilot MyCast 4
27583_4185,Card Player Poker For Prizes
27583_171,House Flipping Frenzy
27583_527,Tiny Checkers
27583_5324,Miami Nights
27583_6809,Sushi Shuffle 3D
27583_5453,Turbo Jet Ski 3D
27583_19141,Worms A Space Oddity
27583_2704,Chess 2.0
27583_1546,Emergency Mayhem(TM)
27583_5753,Animal House: Toga Party
27583_7264,Ms. PAC-MAN  by Namco
27583_308,3D Jewel Quest II
27583_3072,Black Jack Pro/Video Poker Pro
27583_327,4 Wheel Xtreme
27583_5807,3D Hunting: Trophy Whitetail 2
27583_6869,Capone Casino II  3D
27583_17101,The Simpsons Arcade
27583_19241,Clash of the Titans
27583_1083,Golden Axe
27583_11961,Terminator Salvation
27583_6852,Capone Casino II 3D
27583_5696,Arcade Zone
27583_8981,Hero of Sparta
27583_4095,Space Monkey by glu
27583_4158,Deer Hunter 2
27583_3238,Brain Tester Multipack
27583_5775,KARNIVALE
27583_5512,Soul of Darkness
27583_7164,TranslaTodo Spanish/English 2
27583_3794,God of War: Betrayal
27583_1048,Paperboy
27583_1287,Secret Agent Puzzles
27583_4330,NFL Football 2006 by JAMDAT
27583_7282,PAC-MAN Puzzle by Namco
27583_16561,Marble Madness
27583_18781,The Sims 3 World Adventures
27583_4308,MySims
27583_5320,Far Cry 2
27583_4503,Scrabble Blast
27583_5763,Find Hidden Pictures
27583_5798,Fish On!
27583_6777,Maui Wowee
27583_3061,Extraordinary Casino
27583_4035,AstroPop
27583_4065,Looney Tunes and More
27583_5035,Prince Of Persia Classic
27583_1540,Mega Man II
27583_4409,The Sims 2 Pets
27583_7901,Shrek Party: Holiday Mayhem
27583_7217,stackum
27583_5511,New York Nights
27583_18121,FunTones Unlimited
27583_18521,Catcha Mouse
27583_1383,Garfield's Day Out
27583_4572,Surviving High School
27583_6818,Alien vs. Predator
27583_834,Rand McNally Traffic
27583_1188,TextTwist Turbo
27583_2860,LoveSigns
27583_303,Jewel Quest(TM)
27583_3070,FlipIt!
27583_4027,Diner Dash
27583_3530,ClubFONE Nightlife Guide
27583_11441,X-MEN ORIGINS: WOLVERINE
27583_1277,Fight Hard 3D by Reaxion
27583_2187,peepsnation
27583_4331,skate
27583_4398,COMMAND AND CONQUER
27583_4686,Sleek & Chic Wallpaper
27583_590,Slingo-2-Go
27583_6770,Balls of Fury
27583_6875,Aliens Vs Predator: Requiem
27583_5390,Desperate Housewives
27583_7221,Atlantis Sky Patrol by Namco
27583_15681,NBA LIVE by EA SPORTS
27583_12001,Angels & Demons
27583_16841,2012: Apocalypse
27583_19321,Final Fantasy
27583_3163,Supermodel Empire
27583_1968,My Mobile Mail
27583_2147,FunScreenz
27583_5238,Hulkamania Wrestling
27583_4546,The Simpsons
27583_6744,Heli Strike 3D
27583_6993,Bomberman Land: Battles
27583_4017,Miles to Go
27583_3106,No-Limit Casino Multi-Pack
27583_11461,Jungle Twister: 40 Puzzles
27583_1367,Shootin' Gallery
27583_1409,Space Shooters
27583_4292,NCAA Football 09 by EA SPORTS
27583_4489,Boggle
27583_7861,Wonder Blocks
27583_5467,Million Dollar Poker
27583_5469,Midnight Hold 'Em Poker 3D
27583_18961,New Moon Movie Game
27583_19221,How to Train Your Dragon Game
27583_2832,Bust-A-Move
27583_2841,Kodak Mobile Link
27583_4146,TRANSFORMERS
27583_328,3D FMX III: Hardcore
27583_4048,atari legends vol 1
27583_1338,Ball Frenzy
27583_1515,Lost Planet (TM): Trag Zero
27583_4820,Heroes
27583_4894,Chessmaster
27583_2110,Peanuts Mobile Comics
27583_4989,Special Crime Unit
27583_4363,Harry Potter OOTP
27583_6789,Sushi Shuffle
27583_8481,High School Party
27583_16661,Assassin's Creed II
27583_970,Duckshot
27583_1181,Sally's Salon
27583_2821,Bubble Bobble
27583_2824,Space Invaders
27583_3214,Rollercoaster Rush 99 Tracks
27583_3606,Ultimate Golf Challenge
27583_1535,GHOULS N' GHOSTS(TM)
27583_2179,The Bible
27583_4841,Dogz
27583_5283,Spring Break 2: Beach Party
27583_5192,Splinter Cell 4: Double Agent
27583_6804,BIGFOOT: Yeti Lives!
27583_6858,HEAVY CRUSH 3D
27583_6962,Bomberman Kart
27583_996,WPT - Texas Hold 'Em
27583_419,Uno
27583_4171,Ice Age 2: Arctic Slide
27583_3605,Mattel Classic Game Pack
27583_3654,Texas Hold'em 2007 with Phil
27583_12681,Betty Boop: Movie Mix Up
27583_4317,NCAA Football 08 by EA SPORTS
27583_4358,JAMDAT Bowling 2
27583_4430,The Sims Pool
27583_5790,Championship Bull Riding
27583_6828,3D AMF Bowling Deluxe
27583_13641,Castle of Magic
27583_15481,Need for Speed Shift
27583_2701,Dominoes
27583_299,4 Wheel Xtreme 3D
27583_359,FMX III: Hardcore
27583_3886,300 - The Mobile Game
27583_218,Crazy Climber
27583_2565,ToneMAKER
27583_5122,Mission Impossible 3
27583_5221,DJ Pro Baseball 2008 3D
27583_4362,Pictionary
27583_4629,Surviving Hollywood
27583_6861,JAWS 3D
27583_7084,The Sims 2 Connected Edition
27583_3088,Mayo Clinic InTouch
27583_406,Blackjack
27583_417,BlackJack
27583_3599,College and Greek Logos
27583_1390,Bruce Lee
27583_222,The Price is Right
27583_236,Jimmy Neutron's Dimension Dash
27583_4892,American Popstar: RTC
27583_4341,Orcs & Elves II
27583_6853,Dodgeball: Public School
27583_6999,6 Shooter: Poker
27583_7211,digdug
27583_6226,ESPN X Games SnowMotoX
27583_9261,Disney Wallpaper Universe
27583_13541,Spider-Man Toxic City
27583_2561,NAME THAT TUNE!
27583_3572,Crazy Eights
27583_3144,ML WordJong
27583_3172,Carnival Games Deluxe
27583_1389,Office Games
27583_1037,AccuWeather.com Premium
27583_1084,Beijing 2008 OlymPic Games
27583_1299,Small Arms Mobile
27583_2559,ToneMaker Deluxe
27583_5124,Bikini Volleyball
27583_6791,Elder Scrolls Oblivion
27583_7291,Snoopy the Flying Ace by Namco
27583_7302,Pole Position II by Namco
27583_5434,Radiohitz! Guess That Song
27583_6240,300 Bowl
27583_5705,Chalkman's Puzzle Madness
27583_19161,Worms 2007
27583_4121,Insaniquarium Deluxe
27583_3337,Diet Fitness Diary
27583_3097,Pilot My-Cast by Garmin
27583_4104,Project Gotham Racing
27583_373,Fast & Furious: Fugitive
27583_1275,Pictocross Mobile
27583_1281,Parking Frenzy
27583_1987,Multiplayer Snake
27583_6969,Super Bomberman
27583_628,Drinktini
27583_561,Mancala
27583_5690,3D Hunting Trophy Whitetail
27583_9001,LocoRoco  Hi
27583_2852,Webshots In Your Face
27583_302,2Fast2Furious(TM)
27583_3153,High School Party Crashers
27583_4275,Downtown Video Slots
27583_378,Metal Slug M3
27583_358,Paparazzi
27583_1028,EGO
27583_1049,Sonic at the OlymPic Games
27583_1434,Last Roman Warrior
27583_2342,LoveLife Tarot
27583_4936,Kobe Bryant Basketball 08
27583_5304,Paris Hilton's Diamond Quest
27583_4443,ESPN Darts
27583_6772,Capone Casino
27583_4549,Need For Speed Carbon
27583_6811,Fox Motocross
27583_7277,SubMerged by Namco
27583_5428,Asphalt Urban GT 2
27583_885,Monopoly Tycoon 2007
27583_5733,Snake Mayhem 2
27583_10481,Animated Babes
27583_4056,Atari Legends Vol 3
27583_3620,Fujifilm Get the Picture
27583_1521,CASH CAB.
27583_10041,FunGirl Flair
27583_11541,Derek Jeter Baseball 2009 3D
27583_1838,Punisher
27583_4812,Wimbledon 2008
27583_5041,Lumines Block Challenge
27583_5045,Prince of Persia: Two Thrones
27583_5353,Derek Jeter Pro Baseball 2005
27583_5787,Duke Nukem Mobile 3D
27583_5864,Vemail VoiceEmail 2.0
27583_5585,Age Of Empires(R) II Deluxe
27583_5688,Barrio Music
27583_15022,Trophy Darts For Prizes
27583_8641,NBA Street by EA SPORTS
27583_953,IHRA 2 Drag Racing
27583_939,LEGO Brick Breaker
27583_3813,Wheel of Fortune Road Trip
27583_15081,Crazy Taxi
27583_18501,Jewel Quest III
27583_2675,SuperPages
27583_2827,Arkanoid
27583_306,My Dog II: Central Bark
27583_4124,Mystery Case Files: Agent X
27583_3622,Wall Street Journal Online
27583_1311,Detective Puzzles
27583_1344,Air Raid
27583_3923,Living Language
27583_3928,Oxford College Dict./Thesaurus
27583_13081,California Gold Rush
27583_5190,Diamond Rush
27583_4399,NASCAR 07 by EA SPORTS
27583_4974,Rayman Kart
27583_4310,THE GODFATHER
27583_4393,Madden NFL 08 by EA SPORTS
27583_6823,Andretti Racing 3D
27583_6551,idatebook
27583_6800,Fight Club
27583_6970,Blitz: The League Mobile
27583_6971,Baseball
27583_6370,Trophy Fishing 2
27583_775,Path of a Warrior
27583_5670,BlingPix
27583_10781,FizzBall
27583_17541,Voltron
27583_3831,Rock & Roll JEOPARDY!
27583_2859,Stolen in Sixty Seconds
27583_3161,Bully Fight: 120 Water Bombs
27583_4070,Asteroids Deluxe
27583_320,My Dog
27583_3096,MyCast Weather 3.0
27583_316,The Weakest Link
27583_4014,Vindigo city guide
27583_4216,Take Yer Meds For Prizes
27583_3223,Extreme Snowboarding by DChoc
27583_337,24
27583_355,Crash Bandicoot: Twinsanity
27583_3584,Wall Street Journal
27583_3607,Nineball
27583_1404,Jurassic Park
27583_1525,Street Fighter(R) II
27583_1531,GHOULS N' GHOSTS¿
27583_1997,iNDie Music
27583_221,Muscle Car Mayhem
27583_241,Family Feud 2.0
27583_5025,Asphalt Urban GT 2 LIVE
27583_4437,The Sims Bowling
27583_5247,Lumines Mobile
27583_533,Diet TinyAssist
27583_7284,Pool Pro Online by Namco
27583_6746,Globetrotters
27583_6765,Andretti Racing
27583_6964,D12 Pro Wrestling
27583_6223,Wimbledon 2006
27583_5407,LOST
27583_828,WordEm
27583_7222,PAC-MAN
27583_613,Drinkitni
27583_6224,ESPN X Games Skateboarding
27583_6541,iPhonebook
27583_925,Lego World Soccer
27583_14501,Phone Backup
27583_14861,HD Photo Mosaics
27583_16921,Funny.TV
27583_18641,WORMS 2010
27583_4175,Nip/Tuck
27583_298,GoodFellas
27583_3067,FlipIt
27583_312,24: Agent Down
27583_4046,Atari Legends vol 2
27583_4080,Dexters Laboratory
27583_4114,Lemmings
27583_4174,Poker Pop
27583_3604,Rock'em Sock'em Robots
27583_3638,Texas Holdem by Phil Hellmuth
27583_3631,ARod MVP Baseball Challenge
27583_1271,Hive of Evil: Alien Strike
27583_1284,Shop 'Til You Drop
27583_1524,Street Fighter II (R)
27583_19,Frogger v1.8
27583_4807,Midnight Hold ’Em Poker
27583_21,Blockshot by Konami
27583_2114,Chick Talk
27583_2264,TMW Daily Verse
27583_229,Family Feud Deluxe
27583_239,PriceIsRight CliffHngrs
27583_4397,Bejeweled Multiplayer
27583_5043,King Kong The Official Mobile
27583_4448,FIFA Soccer 08 by EA SPORTS
27583_4773,Rainbow Six Vegas
27583_5771,Donovan McNabb Street Action
27583_6740,Paintball Challenge
27583_6812,Ali Boxing 3D
27583_4606,Surviving High School by CS
27583_5759,Croc Hunter Operation Rescue
27583_5772,The Rise of Atlantis
27583_5784,Duke Nukem Mobile II
27583_6557,iBackup 1.0
27583_6558,iphonebackup
27583_6741,Spring Break Surfing 3D
27583_6965,Military Madness
27583_6967,Super Adventure Island
27583_5498,Desperate Housewive
27583_7219,USA TODAY Txtpert by Namco
27583_7237,New Rally-X by Namco
27583_5554,Rocket Bowl
27583_5697,Prey Mobile 3D
27583_5701,Craps
27583_903,Iron Man
27583_19181,Worms
27583_283,U.S. OlymPic Team Ice Hockey
27583_284,Fast & Furious: Tokyo 3D
27583_317,Metal Slug Mobile Impact
27583_4135,MONOPOLY Here & Now
27583_4186,Waterballoon Drop
27583_4249,EA Burnout
27583_33,Frogger
27583_354,Pillowfight
27583_1365,Air Raid Plus
27583_3889,Superman Returns
27583_12041,Mafia Wars: New York
27583_1316,Spin-it!
27583_1510,GHOULS N' GHOSTS
27583_2197,3D Glacier Run
27583_216,Brady Bunch Kung Fu
27583_242,DOND Banker's Revenge
27583_2567,Name That Tune!
27583_526,Hungry Reptile
27583_5197,Rayman Raving Rabbids
27583_5201,Midnight Bowling (2D)
27583_4338,Doom RPG
27583_4364,NBA Live 07 by EA SPORTS
27583_4383,Medal of Honor Airborne
27583_5823,Pit Boss
27583_6747,fight club 3D
27583_6776,Ali Boxing
27583_6952,Bob Marley Burnin'
27583_6985,6 Shooter: BlackJack
27583_7293,Time Crisis Mobile 3D
27583_6507,iPhonebook 1.2
27583_5574,Babe Ruth Bashball
27583_17401,Conspiracy Theory: Area 51
27583_945,Fantasy Football Comp. by CBS
27583_931,Call of Duty 2
27583_992,World Poker Tour 2 - Hold ‘Em
27583_15561,Rock Star Wallpaper
27583_288,3D Wave Blazer
27583_3557,MightyPhone
27583_3101,Pilot MyCast4
27583_3159,Extreme Air Snowboarding
27583_4074,SIMON
27583_4141,5 Card Draw Poker by Sorrent
27583_4168,FOX Sports Hockey by Sorrent
27583_4280,Orcs & Elves
27583_335,King of Fighters M2
27583_3594,Fujifilm Get The Picture
27583_3629,Stock Tracker
27583_3640,Kentucky Derby Championship
27583_3645,Secrets of Holdem
27583_3924,Prima Cheats & Codes
27583_1340,ZooCube 3-D
27583_1391,Bruce Lee- Iron Fist 3D
27583_1422,Bruce Lee - Iron Fist
27583_3896,Sony Musis Box
27583_3940,Harlequin
27583_3942,The Princeton Review
27583_1363,Zoo-Cube 3D
27583_1396,Tradewinds 2
27583_1406,Combat Tank Attack
27583_1427,Movin' Maze
27583_1512,Megaman
27583_1728,Be Informed 2
27583_169,Blackjack Cheater
27583_2018,MobileExpense
27583_233,Slyder
27583_2480,Juicecaster Mobile 3.0.2
27583_2485,Juicecaster Mobile
27583_4947,The O.C.
27583_4313,Tomb Raider Underworld
27583_4485,JAMDAT Bowling
27583_4505,Monopoly Here & Now
27583_5020,Mujeres Desesperadas
27583_5029,The Mummy : TOTDE
27583_5244,Brothers In Arms EarnedInBlood
27583_529,TinyBartender
27583_5300,Block Breaker Deluxe LG4400
27583_4352,NFL QB Showdown by JAMDAT
27583_4396,2006 FIFA World Cup
27583_4407,Downtown Texas Holdem
27583_4421,EA Air Hockey by JAMDAT
27583_4439,Fight Night Round 3 EA Sports
27583_4610,Surviving High School '07
27583_6634,Euchre Master
27583_6761,Andretti Racing3D
27583_6799,Harlem Globetrotters 3D
27583_6867,Bop It Blitz 3D
27583_5777,3d hunting whitetail 2
27583_5780,Triple Scoop Twist
27583_58,Castlevania 1
27583_5826,Celebrity Detective
27583_6636,Snowball Fight
27583_6753,No Brainer
27583_6760,BopIt
27583_6836,JAWS
27583_695,Xringer Real
27583_6954,Gravity Blast by Hudson
27583_6957,Bonk's Return
27583_7274,poolpro
27583_7296,Ms.PAC-MAN by Namco
27583_6233,300 Bowl by BestDirection
27583_6284,Spin & Win
27583_6528,iDatebook 2.2
27583_6543,iBackup
27583_7781,2008 Shrek Fiesta
27583_8401,Stunt Car Racing 99 Tracks
27583_6990,Advanced Karpov 3D Chess
27583_7207,New Rally-X
27583_7229,Stack'um by Namco
27583_7231,Mr. Do!'s Circus Pack by Namco
27583_7235,Galaga
27583_6229,ESPN X Games SnowMoto X
27583_6230,ESPN X Games Snowboarder X
27583_6235,300 Bowl by Best Direction
27583_6517,iPhonebackup
27583_5578,Midtown Madness(R) 3 Mobile
27583_5582,Leapfrog Bob
27583_5588,Fishtank Frenzy
27583_8801,Ferrari GT Evolution
27583_5693,Crazy Eights
27583_5722,Lawn Master
27583_880,Fantastic 4: Silver Surfer
27583_969,Fantasy Baseball Companion '06
27583_90,Kodak Mobile Services
27583_18561,Earthworm Jim by Gameloft
